Id;Name;Address;Location;Province;Zip_Code;Items;Weight;Node_Type;TW_Start;TW_End;Latitude;Longitude;Email;Phone
0;Depot;C. Tajo, s/n;Villaviciosa de Odon;MADRID;28670;0;0,0;Depot;00:00;00:00;40,37387062578713;-3,919575039549291;;
1;RED DE SALUD MENTAL DE ARABA (HOSPITAL PSIQUIÁTRICO DE ARABA);ÁLAVA, 43;Vitoria-Gasteiz;ÁLAVA;1006;207;24955,92;PSIQUIÁTRICO;03:00;23:59;42,8356562870001;-2,67861197099995;SECRETARIA.GERENCIA@osakidetza.eus;945006555
2;HOSPITAL SAN JOSÉ;BEATO TOMÁS DE ZUMÁRRAGA, 10;Vitoria-Gasteiz;ÁLAVA;1008;63;7595,28;MÉDICO-QUIRÚRGICO;03:00;23:59;42,8496614530001;-2,67664049999996;diazdecorcueram@vithas.es;945140900
3;HOSPITAL QUIRÓNSALUD VITORIA;ESPERANZA, 3;Vitoria-Gasteiz;ÁLAVA;1002;26;3134,56;GENERAL;03:00;23:59;42,84976126;-2,66803516399995;josecarlos.mellado@quironsalud.es;945252500
4;HOSPITAL DE CUIDADOS SAN ONOFRE, S.L. (HOSPITAL DE CUIDADOS SAN ONOFRE);SALVATIERRABIDE, 9;Vitoria-Gasteiz;ÁLAVA;1007;82;9885,92;GERIATRÍA Y/O LARGA ESTANCIA;03:00;23:59;42,837581582;-2,68038623299998;info@hospitalsanonofre.com;945142100
5;HOSPITAL DE LEZA;CTRA. VITORIA - LOGROÑO, KM. 59;Laguardia;ÁLAVA;1309;63;7595,28;GENERAL;03:00;23:59;42,5759894380001;-2,63863544199995;hospital.leza@osakidetza.eus;945006900
6;HOSPITAL UNIVERSITARIO DE ARABA (SEDE TXAGORRITXU Y SEDE SANTIAGO);JOSÉ ATXOTEGUI, S/N;Vitoria-Gasteiz;ÁLAVA;1009;811;97774,16;GENERAL;03:00;23:59;42,8549897730001;-2,69020705599996;;945007000
7;COMPLEJO HOSPITALARIO UNIVERSITARIO DE ALBACETE;HERMANOS FALCÓ, 37;Albacete;ALBACETE;2006;705;84994,8;GENERAL;03:00;23:59;38,985256377;-1,84655696499993;;967597100
8;CLÍNICA SANTA CRISTINA ALBACETE;PÉREZ GALDÓS, 7;Albacete;ALBACETE;2003;42;5063,52;GENERAL;03:00;23:59;38,9897934000001;-1,85770989599996;svillanueva@clinicasantacristina.es;967223300
9;HOSPITAL DE HELLÍN;JUAN RAMÓN JIMÉNEZ, 40;Hellín;ALBACETE;2400;135;16275,6;GENERAL;03:00;23:59;38,504304817;-1,68918989199994;gai.hellin@sescam.jccm.es;967309500
10;QUIRONSALUD HOSPITAL ALBACETE;PLAZA DEL MADROÑO, 11;Albacete;ALBACETE;2008;65;7836,4;GENERAL;03:00;23:59;38,985418844;-1,84400678299994;albacete@quironsalud.es;967247100
11;HOSPITAL GENERAL DE ALMANSA;AVDA. ADOLFO SUÁREZ, S/N;Almansa;ALBACETE;2640;93;11212,08;GENERAL;03:00;23:59;38,8794026050001;-1,09390853199994;gai.almansa@sescam.jccm.es;967339526
12;HOSPITAL GENERAL DE VILLAROBLEDO;AVENIDA MIGUEL DE CERVANTES, S/N;Villarrobledo;ALBACETE;2600;114;13743,84;GENERAL;03:00;23:59;39,2800841100001;-2,60269739799998;;967133000
13;HOSPITAL GENERAL UNIVERSITARIO DE ALICANTE;AVENIDA PINTOR BAEZA, 12;Alicante/Alacant;ALICANTE;3010;794;95724,64;GENERAL;03:00;23:59;38,363363964;-0,48593452199998;mena_lui@gva.es;965933000
14;CLÍNICA VISTAHERMOSA GRUPO HLA;AVENIDA DENIA, 103;Alicante/Alacant;ALICANTE;3015;106;12779,36;GENERAL;03:00;23:59;38,3628653640001;-0,463124377999975;katja.smudde@grupohla.com;965268000
15;VITHAS HOSPITAL PERPETUO INTERNACIONAL;PLAZA DOCTOR GÓMEZ ULLA, 15;Alicante/Alacant;ALICANTE;3013;103;12417,68;GENERAL;03:00;23:59;38,352893867;-0,476504659999932;perpetuosocorro@perpetuosocorro.nehos.com;965201100
16;HOSPITAL VIRGEN DE LOS LIRIOS;POLÍGONO CARAMAXEL, S/N;Alcoy/Alcoi;ALICANTE;3804;305;36770,8;GENERAL;03:00;23:59;38,7051247730001;-0,465683971999965;falip_ros@gva.es;965537400
17;SANATORIO SAN JORGE S.L.;CALLE OLIVER, 55;Alcoy/Alcoi;ALICANTE;3802;26;3134,56;GENERAL;03:00;23:59;38,6929737350001;-0,486100178999948;administracion@sanatoriosanjorge.com;965330400
18;HOSPITAL CLÍNICA BENIDORM;AVENIDA ALFONSO PUCHADES, 8;Benidorm;ALICANTE;3501;166;20012,96;GENERAL;03:00;23:59;38,5426678680001;-0,127031808999959;hospital@clinicabenidorm.com;965853850
19;HOSPITAL SAN CARLOS DE DENIA GRUPO HLA;PARTIDA MADRIGUERES SUD, 8;Dénia;ALICANTE;3700;31;3737,36;GENERAL;03:00;23:59;38,8373052420001;0,0934203180000281;pedro.esteban@grupohla.com;965781550
20;HOSPITAL GENERAL UNIVERSITARIO DE ELCHE;CAMÍ ALMAZARA, 11;Elche/Elx;ALICANTE;3203;492;59315,52;GENERAL;03:00;23:59;38,2600928200001;-0,685241062999978;secgerencia_elx@gva.es;966616900
21;HOSPITAL GENERAL UNIVERSITARIO DE ELDA-VIRGEN DE LA SALUD;CARRETERA SAX, S/N;Elda;ALICANTE;3600;513;61847,28;GENERAL;03:00;23:59;38,4935283360001;-0,805971980999971;izquierdo_alf@gva.es;966989000
22;HOSPITAL SANT VICENT DEL RASPEIG;CALLE LILLO JUAN, 137;San Vicente del Raspeig/Sant Vicent del Raspeig;ALICANTE;3690;179;21580,24;GERIATRÍA Y/O LARGA ESTANCIA;03:00;23:59;38,403364943;-0,530502672999944;hospitalsanvicente@gva.es;965907700
23;SANATORIO SAN FRANCISCO DE BORJA FONTILLES;CARRETERA ORBA-VALL DE LAGUAR, KM 4;Vall de Laguar, la;ALICANTE;3791;96;11573,76;GERIATRÍA Y/O LARGA ESTANCIA;03:00;23:59;38,771915;-0,136456657999929;fontilles@fontilles.org;965583350
24;HOSPITAL MARINA BAIXA DE LA VILA JOIOSA;AVENIDA ALCALDE EN JAUME BOTELLA MAYOR, 7;Villajoyosa/Vila Joiosa, la;ALICANTE;3570;286;34480,16;GENERAL;03:00;23:59;38,5301280640001;-0,198289258999978;louis_ros@gva.es;966859800
25;HOSPITAL VEGA BAJA DE ORIHUELA;CARRETERA ORIHUELA - ALMORADÍ, S/N;Orihuela;ALICANTE;3314;361;43522,16;GENERAL;03:00;23:59;38,0882077110001;-0,853941504999966;;966749000
26;HOSPITAL INTERNACIONAL MEDIMAR, S.A.;AVENIDA DENIA, 78;Alicante/Alacant;ALICANTE;3016;66;7956,96;GENERAL;03:00;23:59;38,3714722340001;-0,456596158999957;info@hospitalmedimar.com;965162200
27;HOSPITAL PSIQUIÁTRICO PENITENCIARIO DE FONTCALENT;COMPLEJO CENTRO PENITENCIARIO FONTCALENT, 1;Alicante/Alacant;ALICANTE;3113;432;52081,92;PSIQUIÁTRICO;03:00;23:59;38,3343175000001;-0,602231920999941;director.alicantep@dgip.mir.es;965102222
28;HOSPITAL UNIVERSITARIO SAN JUAN DE ALICANTE;CARRETERA NACIONAL 332, ALICANTE-VALENCIA, S/N;Sant Joan d'Alacant;ALICANTE;3550;396;47741,76;GENERAL;03:00;23:59;38,4062900000001;-0,430915316999972;fernandez_asu@gva.es;965169400
29;CENTRO MÉDICO ACUARIO;AVENIDA DEL VERGEL, 11;Beniarbeig;ALICANTE;3778;19;2290,64;GENERAL;03:00;23:59;38,8265884460001;0,0022818520000669;acuario@acuario.org;966476260
30;HOSPÌTAL QUIRONSALUD TORREVIEJA;PARTIDA DE LA LOMA, S/N;Torrevieja;ALICANTE;3184;132;15913,92;GENERAL;03:00;23:59;37,9963845;-0,68721974999994;antonio.domenech@quironsalud.es;966921313
31;HOSPITAL IMED LEVANTE;CALLE DR SANTIAGO RAMÓN Y CAJAL, 7;Alicante/Alacant;ALICANTE;3503;100;12056,0;GENERAL;03:00;23:59;38,5424209220001;-0,105182876999947;info@hospitaldelevante.com;966878787
32;HOSPITAL UNIVERSITARIO DE TORREVIEJA;CARRETERA CV95 SAN MIGUEL DE SALINAS-TORREVIEJA PARTIDA LA CEÑUELA, S/N;Torrevieja;ALICANTE;3186;269;32430,64;GENERAL;03:00;23:59;37,96333845;-0,715745823999953;jdzafrilla@torrevieja-salud.com;965721200
33;HOSPITAL DE DENIA;PARTIDA BENIADLÀ, S/N;Dénia;ALICANTE;3700;266;32068,96;GENERAL;03:00;23:59;38,834226416;0,059298138000031;gerencia@marinasalud.es;966429000
34;HOSPITAL LA PEDRERA;PARTIDA PLANA D'EST, 4;Dénia;ALICANTE;3700;107;12899,92;GERIATRÍA Y/O LARGA ESTANCIA;03:00;23:59;38,8280655520001;0,0962855270000205;direccion_hlapedrera@gva.es;966467170
35;CENTRO DE REHABILITACIÓN NEUROLÓGICA CASAVERDE;CALLE PONENT, 15;Mutxamel;ALICANTE;3110;40;4822,4;REHABILITACIÓN PSICOFÍSICA;03:00;23:59;38,4205918150001;-0,469911158999935;recepcion.muchamiel@grupocasaverde.com;965950711
36;HOSPITAL UNIVERSITARIO VINALOPO;TONICO SANSANO MORA, 14;Elche/Elx;ALICANTE;3293;214;25799,84;GENERAL;03:00;23:59;38,25534043;-0,716007419999926;narques@vinaloposalud.com;966679800
37;HOSPITAL IMED ELCHE;CALLE MAX PLANCK, S/N;Elche/Elx;ALICANTE;3203;98;11814,88;GENERAL;03:00;23:59;38,2872604250001;-0,619072321999965;oaparisi@imedhospitales.com;966915151
38;HOSPITAL VIRGEN DEL MAR;CARRETERA DEL MAMÍ, KM.1;Almería;ALMERÍA;4009;76;9162,56;GENERAL;03:00;23:59;36,846256694;-2,44158688699997;virgendelmar@vithas.es;950210100
39;HOSPITAL LA INMACULADA;AVDA. DRA. ANA PARRA, S/N;Huércal-Overa;ALMERÍA;4600;184;22183,04;GENERAL;03:00;23:59;37,4010425220001;-1,94182956099996;h.inmaculada.sspa@juntadeandalucia.es;950029176
40;HOSPITAL UNIVERSITARIO TORRECÁRDENAS;PARAJE DE TORRECÁRDENAS, S/N;Almería;ALMERÍA;4009;763;91987,28;GENERAL;03:00;23:59;36,862522305;-2,44676488199997;;950016114
41;HOSPITAL MEDITERRÁNEO;NUEVA MUSA, S/N;Almería;ALMERÍA;4007;89;10729,84;GENERAL;03:00;23:59;36,820818758;-2,43622418699994;jarojas@asisa.es;950621063
42;HOSPITAL DE PONIENTE;CRTA. DE ALMERIMAR, S/N;Ejido, El;ALMERÍA;4700;273;32912,88;GENERAL;03:00;23:59;36,753204591;-2,80315336199993;sugerencias@ephpo.es;950022568
43;HOSPITAL DE ALTA RESOLUCIÓN EL TOYO;CAMINO DE LA BOTICA S/N. RETAMAR;Almería;ALMERÍA;4131;44;5304,64;GENERAL;03:00;23:59;36,8507955330001;-2,31270496099995;sugerencias@ephpo.es;950158015
44;CLÍNICA SANTA TERESA;AV. SANTA CRUZ DE TENERIFE, 11;Ávila;ÁVILA;5005;33;3978,48;GENERAL;03:00;23:59;40,659390253;-4,68613007899995;direccion@clinicasantateresa.es;920252525
45;COMPLEJO ASISTENCIAL DE AVILA;AVDA. JUAN CARLOS I, S/N;Ávila;ÁVILA;5071;430;51840,8;GENERAL;03:00;23:59;40,670384359;-4,65236210299997;gerente.hnss@saludcastillayleon.es;920358000
46;HOSPITAL DE SALUD MENTAL CASTA SALUD ARÉVALO;PASEO SAN JUAN BOSCO, 2;Arévalo;ÁVILA;5200;80;9644,8;PSIQUIÁTRICO;03:00;23:59;41,0448778470001;-4,71677207999994;direccionarevalo@castasalud.com;920301400
47;COMPLEJO HOSPITALARIO UNIVERSITARIO DE BADAJOZ;AVDA. DE ELVAS, S/N;Badajoz;BADAJOZ;6080;915;110312,4;GENERAL;03:00;23:59;38,8815659730001;-7,01404083799997;admision.hifc@salud-juntaex.es;924218100
48;"HOSPITAL ""FUNDACIÓN SAN JUAN DE DIOS DE EXTREMADURA""";PASEO DE LA PIEDAD, 5;Almendralejo;BADAJOZ;6200;105;12658,8;GERIATRÍA Y/O LARGA ESTANCIA;03:00;23:59;38,6805420000001;-6,40527299999997;almendralejosjd.es;924670017
49;CENTRO SOCIOSANITARIO DE MÉRIDA;CTRA. VALVERDE-MÉRIDA, KM. 2;Mérida;BADAJOZ;6800;270;32551,2;PSIQUIÁTRICO;03:00;23:59;38,9225207170001;-6,30998002999996;csanitario.merida@gobex.es;924388081
50;HOSPITAL QUIRÓNSALUD SANTA JUSTA;CONCEPCIÓN, 24;Villanueva de la Serena;BADAJOZ;6700;29;3496,24;QUIRÚRGICO;03:00;23:59;38,9733629360001;-5,79537839099993;serena@quironsalud.es;924840746
51;HOSPITAL QUIRONSALUD CLIDEBA;ELADIO SALINERO DE LOS SANTOS, 6;Badajoz;BADAJOZ;6011;73;8800,88;GENERAL;03:00;23:59;38,871242298;-6,99052779699997;clideba@quironsalud.es;924229050
52;HOSPITAL PARQUE VIA DE LA PLATA;CTRA. DE LOS SANTOS, S/N;Zafra;BADAJOZ;6300;9;1085,04;GENERAL;03:00;23:59;38,42472244;-6,41131180099995;dadministracion.ext@parquehospitales.es;924552755
53;COMPLEJO HOSPITALARIO LLERENA-ZAFRA;AVDA. BADAJOZ, 1;Llerena;BADAJOZ;6900;227;27367,12;GENERAL;03:00;23:59;38,2435983080001;-6,01289591399996;gerente.llerena@salud-juntaex.es;924877000
54;COMPLEJO H. DON BENITO-VVA DE LA SERENA;AVDA. ALONSO MARTÍN, 8;Don Benito;BADAJOZ;6400;320;38579,2;GENERAL;03:00;23:59;38,9631435920001;-5,82737233199992;gerente.donbenito@salud-juntaex.es;924382800
55;COMPLEJO HOSPITALARIO DEL ÁREA DE SALUD DE MÉRIDA;AVDA. ANTONIO CAMPOS HOYOS, Nº 26;Mérida;BADAJOZ;6800;381;45933,36;GENERAL;03:00;23:59;38,912498989;-6,35905260999994;julian.garciam@salud-juntaex.es;924381000
56;CASAVERDE. CENTRO DE REHABILITACIÓN NEUROLÓGICO DE EXTREMADURA;AVDA. ADOLFO SUÁREZ GONZÁLEZ, 56;Mérida;BADAJOZ;6800;100;12056,0;REHABILITACIÓN PSICOFÍSICA;03:00;23:59;38,910846694;-6,37170538399994;direccion.merida@grupocasaverde.com;924380330
57;CLÍNICA EXTREMEÑA DE SALUD;FEDERICO MAYOR ZARAGOZA S/N;Badajoz;BADAJOZ;6006;20;2411,2;GENERAL;03:00;23:59;38,890250571;-6,99887138699995;;924211818
58;HOSPITAL PARQUE VEGAS ALTAS;AVDA. MADRID 12;Don Benito;BADAJOZ;6400;21;2531,76;GENERAL;03:00;23:59;38,963340514;-5,85651091899996;dadministracion.ext@parquehospitales.es;924805050
59;HOSPITAL CLÍNIC DE BARCELONA, SEU SABINO DE ARANA;CR SABINO DE ARANA, 1;Barcelona;BARCELONA;8028;130;15672,8;MATERNO-INFANTIL;03:00;23:59;41,385470302;2,12662840300004;asalgot@medicina.ub.es;932275600
60;HOSPITAL DEL MAR.;PS MARÍTIM DE LA BARCELONETA, 25;Barcelona;BARCELONA;8003;470;56663,2;GENERAL;03:00;23:59;41,3833545360001;2,19475872400005;jvarela@imas.imim.es;932483000
61;HOSPITAL DE L'ESPERANÇA.;AV SANT JOSEP DE LA MUNTANYA, 12;Barcelona;BARCELONA;8024;161;19410,16;GENERAL;03:00;23:59;41,4109659390001;2,15434853400006;jvalera@imas.imim.es;933674100
62;HOSPITAL CLÍNIC DE BARCELONA;CR VILLARROEL, 170;Barcelona;BARCELONA;8036;844;101752,64;GENERAL;03:00;23:59;41,389418117;2,15150438000006;asalgot@medicina.ub.es;932275400
63;HOSPITAL FREMAP BARCELONA;CR MADRAZO, 8;Barcelona;BARCELONA;8006;62;7474,72;GENERAL;03:00;23:59;41,401397074;2,15046879600004;admision_barcelona@fremap.es;934169100
64;CENTRE DE PREVENCIÓ I REHABILITACIÓ ASEPEYO;AV ALCALDE BARNILS, 54-60;Sant Cugat del Vallès;BARCELONA;8174;138;16637,28;GENERAL;03:00;23:59;41,491741846;2,07632056200003;asepeyo@asepeyo.es;935653900
65;CLÍNICA MC COPÈRNIC;CR COPÈRNIC, 58;Barcelona;BARCELONA;8006;60;7233,6;GENERAL;03:00;23:59;41,4011298300001;2,14118014100006;info@mc-mutual.com;934141992
66;CLÍNICA MC LONDRES;CR LONDRES, 28-38;Barcelona;BARCELONA;8029;22;2652,32;GENERAL;03:00;23:59;41,3892897910001;2,14527532900007;info@mc-mutual.com;934577200
67;HOSPITAL EGARSAT SANT HONORAT;AV TIBIDABO, 20;Barcelona;BARCELONA;8022;14;1687,84;GENERAL;03:00;23:59;41,4122081890001;2,13609127700005;egarsat@egarsat.es;932127000
68;HOSPITAL DOS DE MAIG;CR DOS DE MAIG, 301;Barcelona;BARCELONA;8025;229;27608,24;GENERAL;03:00;23:59;41,410727707;2,17709880600006;gerencia.bcn@consorcicreuroja.es;935072700
69;HOSPITAL EL PILAR;CR BALMES, 271;Barcelona;BARCELONA;8006;186;22424,16;GENERAL;03:00;23:59;41,400491951;2,14852929600005;silvia.altisen@quironsalud.es;932360500
70;HOSPITAL SANT RAFAEL;PS VALL D'HEBRON, 107;Barcelona;BARCELONA;8035;213;25679,28;GENERAL;03:00;23:59;41,425661242;2,14243667300002;hsrafael@comb.es;932112508
71;CLÍNICA NOSTRA SENYORA DEL REMEI;CR ESCORIAL, 148;Barcelona;BARCELONA;8024;134;16155,04;GENERAL;03:00;23:59;41,409541006;2,15929057100004;clinica.remedio@irsjg.org;932850010
72;CLÍNICA SAGRADA FAMÍLIA;CR TORRAS  I  PUJALT, 1;Barcelona;BARCELONA;8022;150;18084,0;GENERAL;03:00;23:59;41,400656612;2,13479069100003;info@clinicasagradafamilia.com;932122300
73;HOSPITAL MARE DE DÉU DE LA MERCÈ;PS UNIVERSAL, 34;Barcelona;BARCELONA;8042;113;13623,28;PSIQUIÁTRICO;03:00;23:59;41,43757808;2,16159396400008;administracion@hhscjmerced.com;934275250
74;CLÍNICA  SOLARIUM;CR TICIÀ ., 21;Barcelona;BARCELONA;8035;44;5304,64;GERIATRÍA Y/O LARGA ESTANCIA;03:00;23:59;41,417287984;2,13810024500003;;934172007
75;HOSPITAL DE LA SANTA CREU I SANT PAU;CR SANT QUINTÍ, 89;Barcelona;BARCELONA;8041;644;77640,64;GENERAL;03:00;23:59;41,415131882;2,17587942700004;gerenciafgs@santpau.cat;935537160
76;NOU HOSPITAL EVANGÈLIC;CR CAMÈLIES, 15;Barcelona;BARCELONA;8024;116;13984,96;GERIATRÍA Y/O LARGA ESTANCIA;03:00;23:59;41,4110174670001;2,15893362600002;ablanco@nouhospitalevangelic.com;932859955
77;HOSPITAL DE NENS DE BARCELONA;CR CONSELL  DE  CENT, 437;Barcelona;BARCELONA;8009;18;2170,08;INFANTIL;03:00;23:59;41,3973090420001;2,17392121900002;informacó@hospitaldenens.com;932310512
78;INSTITUT GUTTMANN;CM CAN RUTI, S/N;Badalona;BARCELONA;8916;152;18325,12;TRAUMATOLOGÍA Y/O REHABILITACIÓN;03:00;23:59;41,480006449;2,23954200000003;gerencia@guttmann.com;934977700
79;FUNDACIÓ PUIGVERT - IUNA;CR CARTAGENA ., 340;Barcelona;BARCELONA;8025;124;14949,44;OTROS MONOGRÁFICOS;03:00;23:59;41,4124119320001;2,17277744800003;dirgeneral@fundacio-puigvert.es;934169700
80;HESTIA PALAU.;CR SANT ANTONI MARIA CLARET ,, 135;Barcelona;BARCELONA;8025;317;38217,52;GERIATRÍA Y/O LARGA ESTANCIA;03:00;23:59;41,410048085;2,17257820800006;secretaria@csspalau.com;934501819
81;HOSPITAL UNIVERSITARI SAGRAT COR;CR VILADOMAT, 288;Barcelona;BARCELONA;8029;367;44245,52;GENERAL;03:00;23:59;41,3887331;2,14536417100004;gerencia@hscor.com;933221111
82;CLÍNICA CORACHAN;CR BUÏGAS, 19;Barcelona;BARCELONA;8017;162;19530,72;GENERAL;03:00;23:59;41,39347961;2,13072146500002;tlegido@corachan.com;932545800
83;CLÍNICA TRES TORRES;CR DOCTOR ROUX, 76;Barcelona;BARCELONA;8017;64;7715,84;GENERAL;03:00;23:59;41,3991997860001;2,12880084000005;info@clinicatrestorres.com;932041300
84;HOSPITAL QUIRÓNSALUD BARCELONA;PL ALFONS COMÍN, 5-7;Barcelona;BARCELONA;8023;192;23147,52;GENERAL;03:00;23:59;41,4145485000001;2,13752700000003;direccion.cqb@quiron.es;932850000
85;CENTRE  MÈDIC  DELFOS;AV VALLCARCA ., 151;Barcelona;BARCELONA;8023;264;31827,84;GENERAL;03:00;23:59;41,4141030000001;2,14301040000004;comunicació@delfos.cat;932545000
86;CENTRE MÈDIC SANT JORDI DE SANT ANDREU;PL ESTACIÓ, 12;Barcelona;BARCELONA;8030;57;6871,92;GENERAL;03:00;23:59;41,436230154;2,19294166200007;clinicasantjordi@csantjordi.com;933451604
87;HOSPITAL PLATÓ;CR PLATÓ, 21;Barcelona;BARCELONA;8006;168;20254,08;GENERAL;03:00;23:59;41,4008869140001;2,14256009500002;hospital@hospitalplato.com;933069900
88;HOSPITAL UNIVERSITARI QUIRÓN DEXEUS;CR SABINO DE  ARANA, 5-19;Barcelona;BARCELONA;8028;170;20495,2;GENERAL;03:00;23:59;41,385281386;2,12607604500005;informacion@idexeus.es;932274747
89;CENTRO MÉDICO TEKNON,  GRUPO QUIRONSALUD;CR VILANA, 12;Barcelona;BARCELONA;8022;285;34359,6;GENERAL;03:00;23:59;41,4054552050001;2,12840858500005;dirgeneral.tkn@quironsalud.es;932906242
90;HOSPITAL  DE  BARCELONA;AV DIAGONAL ., 660;Barcelona;BARCELONA;8034;350;42196,0;GENERAL;03:00;23:59;41,389393012;2,12990314100006;virginia@scias.com;932542400
91;CENTRE HOSPITALARI POLICLÍNICA BARCELONA;CR GUILLEM TELL, 4;Barcelona;BARCELONA;8006;28;3375,68;GENERAL;03:00;23:59;41,403252552;2,14962291100005;gerencia@policlinicabarcelona.com;934161616
92;CENTRE D'OFTALMOLOGIA BARRAQUER;CR MUNTANER, 314;Barcelona;BARCELONA;8021;70;8439,2;OFTÁLMICO U ORL;03:00;23:59;41,3969703000001;2,14584525200007;info@barraquer.com;932095311
93;HESTIA DURAN I REYNALS;AV GRAN  VIA, 203;Hospitalet de Llobregat, L';BARCELONA;8908;428;51599,68;GERIATRÍA Y/O LARGA ESTANCIA;03:00;23:59;41,349815;2,12593938400005;direccio@fssbcn.org;934170400
94;SERVEIS CLÍNICS, S.A.;CR GARCIA MARIÑO, 4;Barcelona;BARCELONA;8022;50;6028,0;GERIATRÍA Y/O LARGA ESTANCIA;03:00;23:59;41,4124619830001;2,13609010100004;administracion@serviciosclinicos.com;934174602
95;CLÍNICA COROLEU - SSR HESTIA.;CR COROLEU, 50;Barcelona;BARCELONA;8030;74;8921,44;PSIQUIÁTRICO;03:00;23:59;41,4329652920001;2,18700268200007;rosa.pujol@hestiaalliance.org;931165500
96;CLÍNICA PLANAS;CR PERE II DE MONTCADA, 16;Barcelona;BARCELONA;8034;26;3134,56;QUIRÚRGICO;03:00;23:59;41,3993151830001;2,11561227800007;doctor@clinica-planas.com;932032812
97;HOSPITAL UNIVERSITARI GERMANS TRIAS I PUJOL DE BADALONA;CR CANYET, S/N;Badalona;BARCELONA;8916;516;62208,96;GENERAL;03:00;23:59;41,48129521;2,23781606400007;gerencia.germanstrias@gencat.net;934651200
98;HOSPITAL MUNICIPAL DE BADALONA;VI AUGUSTA,, 9;Badalona;BARCELONA;8911;140;16878,4;GENERAL;03:00;23:59;41,4506170160001;2,24588857700007;gerenciabsa@bsa.cat;934648300
99;CENTRE SOCIOSANITARI EL CARME;CM SANT JERONI DE LA MURTRA,, 60;Badalona;BARCELONA;8917;210;25317,6;GERIATRÍA Y/O LARGA ESTANCIA;03:00;23:59;41,4586066680001;2,23077505500004;gerenciabsa@bsa.cat;935074710
100;HOSPITAL COMARCAL DE SANT BERNABÉ;CT DE RIBES, S/N;Berga;BARCELONA;8600;150;18084,0;GENERAL;03:00;23:59;42,1060333680001;1,85237391300006;hsb@hsb.es;938243400
101;HOSPITAL COMARCAL SANT JAUME DE CALELLA;CR SANT JAUME, 209-217;Calella;BARCELONA;8370;233;28090,48;GENERAL;03:00;23:59;41,6186895120001;2,66391125800004;nconstans@salutms.cat;937690201
102;HOSPITAL DE SANT JOAN DE DÉU.;CR SANT JOAN DE DÉU, 2;Esplugues de Llobregat;BARCELONA;8950;401;48344,56;MATERNO-INFANTIL;03:00;23:59;41,38367442;2,10140640500003;mcastillo@hsjdbcn.org;932804000
103;CLÍNICA NOSTRA SENYORA DE GUADALUPE;CR FRANCESC MORAGAS, 2;Esplugues de Llobregat;BARCELONA;8950;159;19169,04;GERIATRÍA Y/O LARGA ESTANCIA;03:00;23:59;41,373078257;2,08362293700003;chcasas@clinicansguadalupe.com;934702970
104;HOSPITAL GENERAL DE GRANOLLERS.;AV FRANCESC RIBAS, 1;Granollers;BARCELONA;8402;306;36891,36;GENERAL;03:00;23:59;41,6137096350001;2,29051813500007;direcciogeneral@fhag.es;938425000
105;HOSPITAL UNIVERSITARI DE BELLVITGE;CR FEIXA LLARGA, S/N;Hospitalet de Llobregat, L';BARCELONA;8907;1022;123212,32;GENERAL;03:00;23:59;41,3452961140001;2,10479129700002;ger@csub.scs.es;933357011
106;HOSPITAL GENERAL DE L'HOSPITALET;AV JOSEP MOLINS,, 29;Hospitalet de Llobregat, L';BARCELONA;8906;89;10729,84;GENERAL;03:00;23:59;41,3744617090001;2,10651489500003;direccio.assistencial@sanitatintegral.or;934407500
107;FUNDACIÓ SANITÀRIA SANT JOSEP;CR CARME  VERDAGUER, 56;Igualada;BARCELONA;8700;145;17481,2;GERIATRÍA Y/O LARGA ESTANCIA;03:00;23:59;41,5826139390001;1,61911729800005;info@fssj.es;938032650
108;HOSPITAL  DE  SANT  JAUME;CT D'OLOT, 7;Manlleu;BARCELONA;8560;90;10850,4;GERIATRÍA Y/O LARGA ESTANCIA;03:00;23:59;42,0013364000001;2,28675692400003;gerencia@hospitalmanlleu.com;938506565
109;CLÍNICA SANT JOSEP;CR CAPUTXINS, 16;Manresa;BARCELONA;8241;95;11453,2;GENERAL;03:00;23:59;41,7227429650001;1,83182895000004;clinicasantjosep@althaia.cat / cimetir@a;938744050
110;CENTRE HOSPITALARI.;AV BASES DE MANRESA, 6-8;Manresa;BARCELONA;8242;309;37253,04;GENERAL;03:00;23:59;41,7351428740001;1,82468379500006;chucm@chucm.org;938732550
111;HOSPITAL DE SANT JOAN DE DÉU (MANRESA);CR DOCTOR  JOAN  SOLER, 1-3;Manresa;BARCELONA;8243;280;33756,8;GENERAL;03:00;23:59;41,720115938;1,83915065600007;hosp.g.man@hgm.scs.es;938732550
112;HOSPITAL DE SANT ANDREU;CR REMEI DE DALT, 3;Manresa;BARCELONA;8241;191;23026,96;GERIATRÍA Y/O LARGA ESTANCIA;03:00;23:59;41,725701481;1,82995241900005;;938743312
113;GERMANES HOSPITALÀRIES. HOSPITAL SAGRAT COR;AV COMTE DE LLOBREGAT, 117;Martorell;BARCELONA;8760;488;58833,28;PSIQUIÁTRICO;03:00;23:59;41,4907317620001;1,91287510400002;scormart@comb.es;937752200
114;FUNDACIÓ HOSPITAL SANT JOAN DE DÉU;AV MANCOMUNITATS COMARCALS, 1;Martorell;BARCELONA;8760;112;13502,72;GENERAL;03:00;23:59;41,4720640720001;1,92072562900006;gerencia@hmartorell.es;937742020
115;CENTRE MÈDIC MOLINS, SL;PS DEL TERRAPLÈ, 97;Molins de Rei;BARCELONA;8750;177;21339,12;GERIATRÍA Y/O LARGA ESTANCIA;03:00;23:59;41,41804038;2,01092833300004;lluisplanas@clinicademolinsderei.com;936680004
116;HOSPITAL DE MOLLET;RD PINETONS, 6-8;Mollet del Vallès;BARCELONA;8100;164;19771,84;GENERAL;03:00;23:59;41,543718303;2,20246175900007;hmolldir@ctv.es;935760300
117;HOSPITAL DE SABADELL;CR PROLONGACIÓ TAULÍ, S/N;Sabadell;BARCELONA;8208;861;103802,16;GENERAL;03:00;23:59;41,5533268560001;2,11074609700006;direcciogeneral@cspt.es;937231010
118;BENITO MENNI,COMPLEX ASSISTENCIAL EN SALUT MENTAL.;CR DR. ANTONI PUJADAS, 38;Sant Boi de Llobregat;BARCELONA;8830;774;93313,44;PSIQUIÁTRICO;03:00;23:59;41,3499151890001;2,03829569300007;hospital@hsc-bmennibcn.org;936402400
119;PARC SANITARI SANT JOAN DE DÉU - RECINTE SANT BOI.;CR DR. ANTONI PUJADAS, 42;Sant Boi de Llobregat;BARCELONA;8830;1065;128396,4;GENERAL;03:00;23:59;41,349976633;2,03818852800003;mvalencia@pssjd.org;936406350
120;PARC SANITARI SANT JOAN DE DÉU - HOSPITAL GENERAL;CR CAMÍ VELL DE LA COLÒNIA, 25;Sant Boi de Llobregat;BARCELONA;8830;246;29657,76;GENERAL;03:00;23:59;41,3563472160001;2,03052222500003;hsantboi@hsantboi.es;936615208
121;HOSPITAL DE SANT CELONI.;AV DE L'HOSPITAL, 19;Sant Celoni;BARCELONA;8470;100;12056,0;GENERAL;03:00;23:59;41,6876394860001;2,48632366400005;secretaria@hsceloni.es;938670617
122;HOSPITAL UNIVERSITARI GENERAL DE CATALUNYA;CR PEDRO I PONS, 1;Sant Cugat del Vallès;BARCELONA;8195;286;34480,16;GENERAL;03:00;23:59;41,4687280090001;2,03665952700004;hgc@hgc.es;935656000
123;CASAL DE CURACIÓ;CR MARIA VIDAL, 19;Vilassar de Mar;BARCELONA;8340;81;9765,36;GERIATRÍA Y/O LARGA ESTANCIA;03:00;23:59;41,501687082;2,38739236500004;curacio@suport.org;937590241
124;HOSPITAL RESIDÈNCIA SANT CAMIL - CONSORCI SANITARI DEL GARRAF.;RD SANT  CAMIL, S/N;Sant Pere de Ribes;BARCELONA;8810;295;35565,2;GENERAL;03:00;23:59;41,2538499880001;1,76613999400007;santcamil@hrsantcamil.es;938960025
125;CENTRES ASSISTENCIALS DR. EMILI MIRA I LÓPEZ (RECINTE TORRIBERA).;CR PRAT DE LA RIBA, 171;Santa Coloma de Gramenet;BARCELONA;8921;454;54734,24;PSIQUIÁTRICO;03:00;23:59;41,462396251;2,21333001600004;g.torribera@diba.es;934628926
126;FUNDACIÓ HOSPITAL DE L'ESPERIT SANT;AV MOSSÈN JOSEP PONS I ROBADÀ, S/N;Santa Coloma de Gramenet;BARCELONA;8923;177;21339,12;GENERAL;03:00;23:59;41,439224445;2,21079733100004;mesteva@hes.scs.es / hesperitsant@hes.sc;933869648
127;HOSPITAL DE TERRASSA.;CT TORREBONICA, S/N;Terrassa;BARCELONA;8227;460;55457,6;GENERAL;03:00;23:59;41,558555326;2,05520199900008;csdt@csdt.es;937310007
128;HOSPITAL DE SANT LLÀTZER;PL DOCTOR ROBERT, 1;Terrassa;BARCELONA;8221;77;9283,12;GERIATRÍA Y/O LARGA ESTANCIA;03:00;23:59;41,5629585470001;2,01709962400003;admissionsfsll@cst.cat;937837111
129;HOSPITAL UNIVERSITARI MÚTUA DE TERRASSA;PL DOCTOR ROBERT, 5;Terrassa;BARCELONA;8221;534;64379,04;GENERAL;03:00;23:59;41,5635015220001;2,01659752600006;;937365050
130;HOSPITAL  UNIVERSITARI DE VIC;"CR FRANCESC PLA ""EL VIGATA"", 1";Vic;BARCELONA;8500;292;35203,52;GENERAL;03:00;23:59;41,936365939;2,26094360800005;gerencia@hgv.es;938891111
131;CLÍNICA SANT JOSEP;CR SANT SEGIMON, 3;Vic;BARCELONA;8500;21;2531,76;GENERAL;03:00;23:59;41,9294950830001;2,26113118700005;administracio@clinicasjv.com;938861700
132;HOSPITAL DE LA SANTA CREU;RB HOSPITAL, 52;Vic;BARCELONA;8500;127;15311,12;GERIATRÍA Y/O LARGA ESTANCIA;03:00;23:59;41,928397547;2,25213599000006;sjuridica@chv.cat;938833300
133;HOSPITAL DE VILADECANS;AV GAVÀ, 38;Viladecans;BARCELONA;8840;110;13261,6;GENERAL;03:00;23:59;41,3124723110001;2,01397313000007;gerencia@hv.scs.es;936590111
134;HOSPITAL SANT ANTONI ABAT - CONSORCI SANITARI DEL GARRAF.;CR SANT JOSEP, 21;Vilanova i la Geltrú;BARCELONA;8800;111;13382,16;GERIATRÍA Y/O LARGA ESTANCIA;03:00;23:59;41,228743115;1,72300218400005;fhcaa@retemail.es;938931616
135;CENTRE SOCIOSANITARI CAN TORRAS;CT EL MASNOU A ALELLA, 11;Alella;BARCELONA;8328;119;14346,64;GERIATRÍA Y/O LARGA ESTANCIA;03:00;23:59;41,484694023;2,29828617900006;jm.cuartero@fsfa.cat;935551994
136;HESTIA MARESME;CR LEPANT, 13-21;Mataró;BARCELONA;8301;125;15070,0;GERIATRÍA Y/O LARGA ESTANCIA;03:00;23:59;41,5358764050001;2,44422911500004;;931165279
137;PRYTANIS SANT BOI CENTRE SOCIOSANITARI;CR JOSEP TORRAS I BAGES, 55;Sant Boi de Llobregat;BARCELONA;8830;122;14708,32;GERIATRÍA Y/O LARGA ESTANCIA;03:00;23:59;41,348793932;2,04120307000005;prytanis@prytanisresidencial.es;936300931
138;CENTRE SOCIOSANITARI VERGE DEL PUIG;CR CAMPINS, 37;Sant Celoni;BARCELONA;8470;40;4822,4;GERIATRÍA Y/O LARGA ESTANCIA;03:00;23:59;41,6911209990001;2,48585930200005;residencia@hsceloni.cat;938673995
139;RESIDÈNCIA L'ESTADA;CM DE LA MASIA, S/N;Sant Andreu de Llavaneres;BARCELONA;8392;60;7233,6;GERIATRÍA Y/O LARGA ESTANCIA;03:00;23:59;41,56797419;2,49229708800004;estada@lestada.com;937926612
140;RESIDÈNCIA PUIG-REIG;CR LLOBREGAT, 75;Puig-reig;BARCELONA;8692;30;3616,8;GERIATRÍA Y/O LARGA ESTANCIA;03:00;23:59;41,9781191820001;1,87948173300003;cassbenefica2@logiccontrol.es;938380045
141;RESIDÈNCIA SANTA SUSANNA;CR FONT I BOET, 16;Caldes de Montbui;BARCELONA;8140;64;7715,84;GERIATRÍA Y/O LARGA ESTANCIA;03:00;23:59;41,6307870000001;2,16401400000007;aros@fundaciostasusanna.cat;938654994
142;HOSPITAL DE MATARÓ;CT CIRERA, 230;Mataró;BARCELONA;8304;402;48465,12;GENERAL;03:00;23:59;41,555597182;2,43030160600006;gerencia@csdm.es;937417700
143;HOSPITAL UNIVERSITARI VALL D'HEBRON;PS VALL D'HEBRON, 119-129;Barcelona;BARCELONA;8035;1315;158536,4;GENERAL;03:00;23:59;41,4276414340001;2,14164638800003;dirgerencia@vhebron.net;934894524
144;CENTRE POLIVALENT CAN FOSC;CT DE LLERONA, S/N;Ametlla del Vallès, L';BARCELONA;8480;56;6751,36;GERIATRÍA Y/O LARGA ESTANCIA;03:00;23:59;41,6622691260001;2,27332958800002;vbonet@fundaciovallparadis.es;938432786
145;HOSPITAL SOCIOSANITARI MUTUAM GÜELL;CR MARE DE DÉU DE LA SALUT, 49;Barcelona;BARCELONA;8024;167;20133,52;GERIATRÍA Y/O LARGA ESTANCIA;03:00;23:59;41,4113206270001;2,15676266200006;mutuam@mutuam.com;932133400
146;MÚTUA DE GRANOLLERS, MÚTUA DE PREVISIÓ SOCIAL A PRIMA FIXA;PL PAU CASALS, S/N;Granollers;BARCELONA;8402;20;2411,2;GENERAL;03:00;23:59;41,6073015000001;2,28941100000003;rblanch@mutua.org;938708099
147;HOSPITAL COMARCAL DE L'ALT PENEDÈS.;CR ESPIRALL, S/N;Vilafranca del Penedès;BARCELONA;8720;144;17360,64;GENERAL;03:00;23:59;41,3564879520001;1,70436918300004;xvillanova@csap.scs.es;938180440
148;ÀPTIMA CENTRE CLÍNIC - MÚTUA DE TERRASSA;PL DOCTOR ROBERT, 5;Terrassa;BARCELONA;8221;70;8439,2;GENERAL;03:00;23:59;41,5635015220001;2,01659752600006;cmarin@mutuaterrassa.cat;937365072
149;INSTITUT CATALÀ D'ONCOLOGIA - HOSPITAL DURAN I REYNALS;AV GRAN VIA, 203;Hospitalet de Llobregat, L';BARCELONA;8908;126;15190,56;ONCOLÓGICO;03:00;23:59;41,344924307;2,11117079800005;cserra@ico.scs.es;933357011
150;SAR MONT MARTÍ;CT CASSERRES (ABANS PO. LA SALA S/N), 1;Puig-reig;BARCELONA;8692;20;2411,2;GERIATRÍA Y/O LARGA ESTANCIA;03:00;23:59;41,9550525940001;1,87131500000004;direccion.montmarti@domusvi.es;938290138
151;REGINA SAR;CR MARE DE DÉU DEL COLL, 22;Barcelona;BARCELONA;8023;12;1446,72;GERIATRÍA Y/O LARGA ESTANCIA;03:00;23:59;41,4090521140001;2,14957188100004;direccion.regina@sarquavitae.es;932848635
152;CENTRE VALLPARADÍS;CR SANT ANTONI, 52;Terrassa;BARCELONA;8221;81;9765,36;GERIATRÍA Y/O LARGA ESTANCIA;03:00;23:59;41,5648907280001;2,01660961200002;gerenciamutua@mutuaterrassa.es;937365030
153;ITA MARESME;CR BARÓ DE VIVER, 58;Argentona;BARCELONA;8310;77;9283,12;OTROS MONOGRÁFICOS;03:00;23:59;41,5489737840001;2,39601855100005;itacat@itacat.com;937530062
154;CLÍNICA LLÚRIA;PG MERCADER, 14;Barcelona;BARCELONA;8008;40;4822,4;PSIQUIÁTRICO;03:00;23:59;41,3924929;2,15987221900002;clinicalluria@cpbssm.org;934882142
155;ANTIC HOSPITAL DE SANT JAUME I SANTA MAGDALENA;CR HOSPITAL, 29-31;Mataró;BARCELONA;8301;70;8439,2;GERIATRÍA Y/O LARGA ESTANCIA;03:00;23:59;41,5396972140001;2,44885690200005;gerencia@csdm.es;937582800
156;PARC SANITARI SANT JOAN DE DÉU - NUMÀNCIA;CR NUMÀNCIA, 7-13;Barcelona;BARCELONA;8029;159;19169,04;PSIQUIÁTRICO;03:00;23:59;41,3813705050001;2,14125100100006;upps@pssjd.org;933249600
157;PRYTANIS HOSPITALET CENTRE SOCIOSANITARI;CR APRESTADORA, 43-45;Hospitalet de Llobregat, L';BARCELONA;8902;104;12538,24;GERIATRÍA Y/O LARGA ESTANCIA;03:00;23:59;41,3642542000001;2,13003411300002;prytanis@prytanis.com;932988090
158;COMUNITAT TERAPÈUTICA ARENYS DE MUNT;"CT BARRI ORIENT  ""CAN ZARIQUIEY"", 26";Arenys de Munt;BARCELONA;8358;42;5063,52;PSIQUIÁTRICO;03:00;23:59;41,620505;2,53148284700006;ctam@ctm-salutmental.com;937938006
159;HOSPITAL SOCIOSANITARI PERE VIRGILI;AV VALLCARCA, 169-205;Barcelona;BARCELONA;8023;366;44124,96;GERIATRÍA Y/O LARGA ESTANCIA;03:00;23:59;41,415848613;2,14207002600006;pvirgili@perevirgili.catsalut.cat;932594000
160;BENITO MENNI COMPLEX ASSISTENCIAL EN SALUT MENTAL;CR FRANCESC RIBAS, 59;Granollers;BARCELONA;8402;30;3616,8;PSIQUIÁTRICO;03:00;23:59;41,613547263;2,29179322600004;hospital@hospitalbenitomenni.org;938425035
161;HOSPITAL  SANITAS CIMA;PS MANUEL GIRONA, 33;Barcelona;BARCELONA;8034;83;10006,48;GENERAL;03:00;23:59;41,3910109170001;2,12365918900002;infocima@sanitas.es;935522700
162;PARC SANITARI SANT JOAN DE DEU - BRIANS 1.;CT DE MARTORELL A CAPELLADES, ,23;Sant Esteve Sesrovires;BARCELONA;8635;150;18084,0;GENERAL;03:00;23:59;41,5034867680001;1,88302869500006;joodircperi.dj@gencat.cat;937758000
163;INSTITUT CATALÀ D'ONCOLOGIA - HOSPITAL GERMANS TRIAS I PUJOL;CT CANYET, S/N;Badalona;BARCELONA;8916;36;4340,16;ONCOLÓGICO;03:00;23:59;41,478603795;2,22919372500007;ccalle@iconcologia.net;934651200
164;CENTRE COLLSEROLA MUTUAL;PS VALL D'HEBRON,, 159;Barcelona;BARCELONA;8035;34;4099,04;GERIATRÍA Y/O LARGA ESTANCIA;03:00;23:59;41,4350104810001;2,14706349200003;mutuam@mutuam.com;933613900
165;CENTRE SOCIOSANITARI SARQUAVITAE SANT JORDI;CT SANT JOAN DESPÍ, 60;Cornellà de Llobregat;BARCELONA;8940;51;6148,56;GERIATRÍA Y/O LARGA ESTANCIA;03:00;23:59;41,3581965400001;2,06464944800007;direccion.santjordi@sarquavitae.es;934752690
166;HOSPITAL GENERAL PENITENCIARI;CT TORREBONICA, S/N;Terrassa;BARCELONA;8227;32;3857,92;GENERAL;03:00;23:59;41,556818929;2,05310753900005;suhp@cst.cat;937317861
167;CENTRE SOCIOSANITARI DE L'HOSPITALET - CONSORCI SANITARI INTEGRAL;AV JOSEP MOLINS, 41;Hospitalet de Llobregat, L';BARCELONA;8906;123;14828,88;GERIATRÍA Y/O LARGA ESTANCIA;03:00;23:59;41,373773665;2,10633190000004;carmen.gimeno@sanitatintegral.org;934407500
168;SAR LA SALUT JOSEP SERVAT;CR ANTEQUERA,, 8-18;Barcelona;BARCELONA;8024;56;6751,36;GERIATRÍA Y/O LARGA ESTANCIA;03:00;23:59;41,413709829;2,15716762500006;info@sarquavitae.es;932857512
169;CLÍNICA CREU BLANCA;PS REINA  ELISENDA  DE  MONTCADA,, 17;Barcelona;BARCELONA;8034;51;6148,56;GENERAL;03:00;23:59;41,398264919;2,11825506900004;inform@creublanca.es;932522522
170;HESTIA GRÀCIA;CR SECRETARI COLOMA, 95;Barcelona;BARCELONA;8024;153;18445,68;GERIATRÍA Y/O LARGA ESTANCIA;03:00;23:59;41,4102245760001;2,16214781500003;hestiagracia@hestiagracia.org;934170400
171;CENTRE SOCIOSANITARI D'ESPLUGUES;VI AUGUSTA, 66-70;Esplugues de Llobregat;BARCELONA;8950;131;15793,36;GERIATRÍA Y/O LARGA ESTANCIA;03:00;23:59;41,3827458380001;2,08487642000006;jcayetano@sjdsse.cat;936406350
172;CENTRE SOCIOSANITARI RICARD FORTUNY;AV GARRAF, 3;Vilafranca del Penedès;BARCELONA;8720;187;22544,72;GERIATRÍA Y/O LARGA ESTANCIA;03:00;23:59;41,339919229;1,70516714000007;cssv@cssv.cat;938172357
173;CENTRE RESIDENCIAL AMMA DIAGONAL;CR LLACUNA, 120-122;Barcelona;BARCELONA;8018;5;602,8;GERIATRÍA Y/O LARGA ESTANCIA;03:00;23:59;41,403961184;2,19523661300002;direccion@diagonal.amavir.es;933209630
174;CENTRE FÒRUM;CR LLULL, 410;Barcelona;BARCELONA;8019;223;26884,88;GERIATRÍA Y/O LARGA ESTANCIA;03:00;23:59;41,4129792680001;2,21812594400006;cforum@parcdesalutmar.cat;932483000
175;CENTRE SOCIOSANITARI BLAUCLÍNIC DOLORS ALEU;CR MARQUÈS DE SANTA ANNA, 9;Barcelona;BARCELONA;8023;174;20977,44;GERIATRÍA Y/O LARGA ESTANCIA;03:00;23:59;41,4063868150001;2,14810789400002;msanchez@blauclinic.cat;934343216
176;PARC SANITARI SANT JOAN DE DÉU - TIL·LERS;CR MOSSOS D'ESQUADRA, 3;Mollet del Vallès;BARCELONA;8100;10;1205,6;PSIQUIÁTRICO;03:00;23:59;41,352989516;2,03386476700007;qualitatiseguretat@pssjd.org;935705289
177;CLÍNICA GALATEA;CR PALAFOLLS, 15-19;Barcelona;BARCELONA;8017;22;2652,32;PSIQUIÁTRICO;03:00;23:59;41,41077848;2,11343932200003;info@clinica-galatea.com;932057267
178;HOSPITAL D'IGUALADA;AV CATALUNYA, 11;Igualada;BARCELONA;8700;280;33756,8;GENERAL;03:00;23:59;41,588104421;1,61971021900007;fgcardona@csa.cat;938075500
179;CENTRE SOCIAL I SANITARI FREDERICA MONTSENY;CR ESLIDA, 6-8;Viladecans;BARCELONA;8840;76;9162,56;GERIATRÍA Y/O LARGA ESTANCIA;03:00;23:59;41,3216555980001;2,01799699400004;mgrifol@chc.cat;936473525
180;PARC SANITARI SANT JOAN DE DEU-SERVEIS SANITARIS CENTRE PENITENCIARI BRIANS-2;CT MARTORELL A CAPELLADES, ,23;Sant Esteve Sesrovires;BARCELONA;8635;152;18325,12;GENERAL;03:00;23:59;41,4829211410001;1,87441500000006;justicia@gencat.net;936935000
181;CENTRE INTEGRAL DE SERVEIS EN SALUT MENTAL COMUNITÀRIA;CR VERNTALLAT, 11-19;Barcelona;BARCELONA;8024;25;3014,0;PSIQUIÁTRICO;03:00;23:59;41,4062084070001;2,15577737600006;cis@arapdis.org;932184908
182;CENTRE SOCIOSANITARI SANT JORDI DE LA VALL D'HEBRON;PS VALL D'HEBRON, 135-141;Barcelona;BARCELONA;8035;57;6871,92;GERIATRÍA Y/O LARGA ESTANCIA;03:00;23:59;41,4305539000001;2,14476586700005;msanchez@blauclinic.cat;934280000
183;LEPANT RESIDENCIAL QGG, SL;CR LEPANT, 401-403;Barcelona;BARCELONA;8025;10;1205,6;GERIATRÍA Y/O LARGA ESTANCIA;03:00;23:59;41,4113749000001;2,16745930300004;andresmanero@hotmail.com;934507438
184;MAPFRE QUAVITAE BARCELONA;CR SANT ANTONI MARIA CLARET, 200;Barcelona;BARCELONA;8025;38;4581,28;GERIATRÍA Y/O LARGA ESTANCIA;03:00;23:59;41,4100999070001;2,17288571500006;recepcion.claret@sarquavitae.es;934579400
185;UNITAT POLIVALENT SALUT MENTAL BARCELONA-NORD;AV JORDÀ, 8;Barcelona;BARCELONA;8035;52;6269,12;PSIQUIÁTRICO;03:00;23:59;41,42525291;2,14074683600006;jroman.merced@hospitalarias.es;934275250
186;CQM CLÍNIC MARESME, SL;CR LEPANT, 13-21;Mataró;BARCELONA;8301;10;1205,6;GENERAL;03:00;23:59;41,5358764050001;2,44422911500004;info@cqm-mataro.com;937556219
187;SERVEIS SANITARIS LA ROCA DEL VALLES 2;CT MASNOU A GRANOLLERS, ,13;Roca del Vallès, La;BARCELONA;8430;34;4099,04;GENERAL;03:00;23:59;41,5985150000001;2,33607477700002;mpujolr@gencat.cat;932140100
188;CLÍNICA DEL VALLÈS;PS RUBIÓ I ORS, 25-27;Sabadell;BARCELONA;8203;107;12899,92;GENERAL;03:00;23:59;41,532266178;2,11824141900007;jmallofre@clinicavalles.com;937283100
189;CENTRE GERONTOLÒGIC AMMA SANT CUGAT;CR VICTOR HUGO, 10;Sant Cugat del Vallès;BARCELONA;8174;4;482,24;GERIATRÍA Y/O LARGA ESTANCIA;03:00;23:59;41,4840486310001;2,08544127600004;direccion@santcugat.amma.es;935836100
190;SERVEIS SANITARIS SANT JOAN DE VILATORRADA;CT DE MANRESA A SOLSONA. CAMÍ DE LES TORRES, C-55;Sant Joan de Vilatorrada;BARCELONA;8250;56;6751,36;GENERAL;03:00;23:59;41,74519538;1,80985323700003;;932140100
191;CENTRE SOCIOSANITARI STAUROS;PL KARL MARX, 1;Barcelona;BARCELONA;8042;49;5907,44;GERIATRÍA Y/O LARGA ESTANCIA;03:00;23:59;41,4406977470001;2,16193712800003;stauros@centrestauros.org;931171074
192;HOSPITAL DE SANT JOAN DESPÍ MOISÈS BROGGI;AV JACINT VERDAGUER, 90;Sant Joan Despí;BARCELONA;8970;328;39543,68;GENERAL;03:00;23:59;41,3661809750001;2,05232515200004;carmen.gimeno@sanitatintegral.org;935531200
193;AMMA HORTA;AV CAN  MARCET, 11;Barcelona;BARCELONA;8035;5;602,8;GERIATRÍA Y/O LARGA ESTANCIA;03:00;23:59;41,434944667;2,14862283100007;recepcion@horta.amma.es;934280092
194;UNITAT POLIVALENT BENITO MENNI EN SALUT MENTAL DE L'HOSPITALET-EL PRAT DE LLOBREGAT;CR SANT RAFAEL, 11;Hospitalet de Llobregat, L';BARCELONA;8905;35;4219,6;PSIQUIÁTRICO;03:00;23:59;41,3693682430001;2,10531679100006;jorrit.hbmenni@hospitalarias.es;936402400
195;ITA MARESME;CR AVENIR, 14;Barcelona;BARCELONA;8006;56;6751,36;OTROS MONOGRÁFICOS;03:00;23:59;41,3970621130001;2,14886336400002;snavarro@itacat.com;933621258
196;CENTRE SOCIOSANITARI DEL CENTRE INTEGRAL DE SALUT COTXERES;AV BORBÓ, 18-30;Barcelona;BARCELONA;8016;209;25197,04;GERIATRÍA Y/O LARGA ESTANCIA;03:00;23:59;41,426419637;2,17632730500003;jserrat@consorci.org;932438991
197;CLÍNICA SANT ANTONI;CR SANT ELOI, 6-8;Barcelona;BARCELONA;8038;224;27005,44;GERIATRÍA Y/O LARGA ESTANCIA;03:00;23:59;41,356076805;2,14325702400004;provfig@ediho.es;932974010
198;CLÍNICA DIAGONAL;CR SANT MATEU, 24;Esplugues de Llobregat;BARCELONA;8950;98;11814,88;GENERAL;03:00;23:59;41,3788186190001;2,09653111800003;info@clinicadiagonal.com;932053213
199;HOSPITAL SOCIOSANITARI DE MOLLET;CR SANT LLORENÇ, 39-41;Mollet del Vallès;BARCELONA;8100;109;13141,04;GERIATRÍA Y/O LARGA ESTANCIA;03:00;23:59;41,541136072;2,21139796300002;direcciogeneral@hospitalmollet.cat;935760300
200;CENTRE SOCIOSANITARI ISABEL ROIG;CR FERNANDO PESSOA, 47-51;Barcelona;BARCELONA;8030;251;30260,56;GERIATRÍA Y/O LARGA ESTANCIA;03:00;23:59;41,4432523880001;2,19258286300004;cssisabelroig@blauclinic.cat;931780667
201;IVÁN MAÑERO CLÍNIC;CR VICTOR HUGO, 24;Sant Cugat del Vallès;BARCELONA;8174;17;2049,52;QUIRÚRGICO;03:00;23:59;41,4840486310001;2,08544127600004;imclinic@imclinic.com;902401540
202;INSTITUT TRASTORN LÍMIT;CR PEDRO I PONS, 1;Sant Cugat del Vallès;BARCELONA;8195;14;1687,84;PSIQUIÁTRICO;03:00;23:59;41,4687280090001;2,03665952700004;cervantes.ana@hotmail.com;666301013
203;CENTRE D'HOSPITALITZACIÓ I HOSPITAL DE DIA TRASTORNS DE LA CONDUCTA;CR CIRÉS, S/N;Argentona;BARCELONA;8310;40;4822,4;PSIQUIÁTRICO;03:00;23:59;41,562415;2,39339669400005;gfaus@itacat.com;937533006
204;SARQUAVITAE BONANOVA;CR CALATRAVA, 83;Barcelona;BARCELONA;8017;28;3375,68;GERIATRÍA Y/O LARGA ESTANCIA;03:00;23:59;41,402554407;2,12718543400007;ldomingo@sarquavitae.es;932534940
205;CENTRE LA CREUETA;PL DE LES VAQUES, S/N;Sabadell;BARCELONA;8202;46;5545,76;GERIATRÍA Y/O LARGA ESTANCIA;03:00;23:59;41,5543250000001;2,12943347600003;dcabre@mutuam.com;937451164
206;UNITAT TERAPÈUTICA-EDUCATIVA ACOMPANYA'M;CR JESÚS I MARIA, 18-20;Barcelona;BARCELONA;8022;30;3616,8;PSIQUIÁTRICO;03:00;23:59;41,411089045;2,13081199900006;mcastillo@jdhospitalbarcelona.com;932532100
207;HOSPITAL RECOLETAS DE BURGOS;CRUZ ROJA, S/N;Burgos;BURGOS;9006;92;11091,52;GENERAL;03:00;23:59;42,344340048;-3,68387167599997;admision.hrb@gruporecoletas.com;947244055
208;HOSPITAL SAN JUAN DE DIOS DE BURGOS;Pº DE LA ISLA, 3;Burgos;BURGOS;9003;160;19289,6;GERIATRÍA Y/O LARGA ESTANCIA;03:00;23:59;42,340327813;-3,71283893499998;burgos.hospital@hsjd.es;947257730
209;HOSPITAL SANTOS REYES;AV. RUPERTA BARAYA, 6;Aranda de Duero;BURGOS;9400;123;14828,88;GENERAL;03:00;23:59;41,6692634450001;-3,69085628899995;gerente.hsry@saludcastillayleon.es;947522000
210;HOSPITAL RESIDENCIA ASISTIDA DE LA LUZ;DURATÓN, 2;Aranda de Duero;BURGOS;9400;75;9042,0;GERIATRÍA Y/O LARGA ESTANCIA;03:00;23:59;41,6620314890001;-3,69489954699998;gerencia@hralaluz.es;947500150
211;HOSPITAL SANTIAGO APÓSTOL;CTRA. DE ORÓN, S/N;Miranda de Ebro;BURGOS;9200;114;13743,84;GENERAL;03:00;23:59;42,66958973;-2,98947537899994;gerente.hsap@saludcastillayleon.es;947349000
212;COMPLEJO ASISTENCIAL UNIVERSITARIO DE BURGOS;AV. ISLAS BALEARES, 3;Burgos;BURGOS;9006;865;104284,4;GENERAL;03:00;23:59;42,3593344760001;-3,68757909499993;gerente.cabu@saludcastillayleon.es;947281800
213;HOSPITAL CIUDAD DE CORIA;CERVANTES, 75;Coria;CÁCERES;10800;103;12417,68;GENERAL;03:00;23:59;39,991088001;-6,54212168499993;;927149200
214;HOSPITAL CAMPO ARAÑUELO;TOMÁS YUSTE MIRÓN, S/N;Navalmoral de la Mata;CÁCERES;10300;102;12297,12;GENERAL;03:00;23:59;39,8880520290001;-5,56096707299997;;927548900
215;HOSPITAL VIRGEN DEL PUERTO;PARAJE VALCORCHERO, S/N;Plasencia;CÁCERES;10600;250;30140,0;GENERAL;03:00;23:59;40,04942701;-6,08619013399993;gerent.hvpt@salud-juntaex.es;927428300
216;HOSPITAL SOCIOSANITARIO DE PLASENCIA;CTRA. DE CÁCERES, S/N;Plasencia;CÁCERES;10600;330;39784,8;PSIQUIÁTRICO;03:00;23:59;40,0239950000001;-6,08184980199997;montserrat.martinl@salud-juntaex.es;927428800
217;COMPLEJO HOSPITALARIO DE CÁCERES;AV.PABLO NARANJO, S/N;Cáceres;CÁCERES;10003;520;62691,2;GENERAL;03:00;23:59;39,466614608;-6,36934482599997;;927256200
218;HOSPITAL QUIRÓN SALUD DE CÁCERES;AV. DE LA UNIVERSIDAD, 5;Cáceres;CÁCERES;10004;35;4219,6;GENERAL;03:00;23:59;39,4819542710001;-6,36359501599998;arnaldo.pons@quironsalud.es;927181360
219;CLÍNICA SOQUIMEX;AVDA. LA SALLE, 22;Plasencia;CÁCERES;10600;20;2411,2;GENERAL;03:00;23:59;40,0324218370001;-6,08499297599997;soquimex@soquimex.com;927418484
220;CLINICA QUIRÚRGICA CACEREÑA, S.A-(CLÍNICA SAN FRANCISCO);RONDA DE SAN FRANCISCO, 1;Cáceres;CÁCERES;10002;32;3857,92;GENERAL;03:00;23:59;39,4688316840001;-6,36881486999994;clinica@cqcsanfrancisco.es;927012200
221;HOSPITAL UNIVERSITARIO PUERTA DEL MAR;AV. ANA DE VIYA, 21;Cádiz;CÁDIZ;11009;738;88973,28;GENERAL;03:00;23:59;36,509116303;-6,27786388499993;gerencia.hpm.sspa@juntadeandalucia.es;956002040
222;CLÍNICA LA SALUD;FEDUCHY, 8-14;Cádiz;CÁDIZ;11001;58;6992,48;GENERAL;03:00;23:59;36,5320240410001;-6,29584571899994;administracion@clinicalasalud.es;956225301
223;HOSPITAL SAN RAFAEL;DIEGO ARIAS, 2;Cádiz;CÁDIZ;11002;280;33756,8;GENERAL;03:00;23:59;36,5327979360001;-6,30252129399997;cadiz.secretaria@jmpascual.com;956017267
224;CLÍNICA  LOS ÁLAMOS;AV. DE TAMARIX, 4;Jerez de la Frontera;CÁDIZ;11407;15;1808,4;GENERAL;03:00;23:59;36,7039492070001;-6,13073367899995;rrhh@clinicalosalamos.com;956182244
225;HOSPITAL UNIVERSITARIO DE JEREZ DE LA FRONTERA;RONDA DE CIRCUNVALACIÓN, S/N;Jerez de la Frontera;CÁDIZ;11408;498;60038,88;GENERAL;03:00;23:59;36,6913972930001;-6,14980105599994;manuel.herrera.sspa@juntadeandalucia.es;956032075
226;HOSPITAL SAN JUAN GRANDE;GLORIETA FÉLIX RODRIGUEZ DE LA FUENTE, S/N;Jerez de la Frontera;CÁDIZ;11408;143;17240,08;GENERAL;03:00;23:59;36,6914675190001;-6,14877845299998;jerez@sjd.es;956357300
227;HOSPITAL  DE LA LÍNEA DE LA CONCEPCIÓN;AV. MENÉNDEZ Y PELAYO, 103;Línea de la Concepción, La;CÁDIZ;11300;180;21700,8;GENERAL;03:00;23:59;36,1704512530001;-5,34063642299998;franciscoj.martos.sspa@juntadeandalucia.es;956026500
228;HOSPITAL GENERAL SANTA MARÍA DEL PUERTO;VALDÉS, S/N;Puerto de Santa María, El;CÁDIZ;11500;238;28693,28;GENERAL;03:00;23:59;36,5965943040001;-6,23409792199993;stamaria.secretaria@jmpascual.com;956017000
229;HOSPITAL UNIVERSITARIO DE PUERTO REAL;CARRETERA NACIONAL IV, KM. 665;Puerto Real;CÁDIZ;11510;319;38458,64;GENERAL;03:00;23:59;36,520384542;-6,15145949499993;;956005147
230;HOSPITAL VIRGEN DE LAS MONTAÑAS;AV. AMBULATORIO S/N;Villamartín;CÁDIZ;11650;108;13020,48;GENERAL;03:00;23:59;36,860715;-5,64815244599993;cesar@jmpascual.com;956041000
231;HOSPITAL VIRGEN DEL CAMINO;CRTRA SANLÚCAR-CHIPIONA, S/N;Sanlúcar de Barrameda;CÁDIZ;11540;118;14226,08;GENERAL;03:00;23:59;36,7575211240001;-6,37057770699994;sanlucar.secretaria@jmpascual.com;956048068
232;HOSPITAL JEREZ PUERTA DEL SUR;AV. PUERTA DEL SUR, S/N;Jerez de la Frontera;CÁDIZ;11408;98;11814,88;GENERAL;03:00;23:59;36,6687180000001;-6,13626167599995;rrhhcj@asisa.es;956357100
233;HOSPITAL VIAMED BAHÍA DE CÁDIZ;AYALA, 2;Chiclana de la Frontera;CÁDIZ;11130;46;5545,76;GENERAL;03:00;23:59;36,420425865;-6,15052497099992;gerencia@hospitalcmc.es;956533333
234;HOSPITAL PUNTA DE EUROPA;CARRETERA DE GETARES, S/N;Algeciras;CÁDIZ;11207;327;39423,12;GENERAL;03:00;23:59;36,1111021040001;-5,44424465599997;;956025000
235;HOSPITAL VIAMED NOVO SANCTI PETRI;URB. NOVO SANCTI PETRI, S/N;Chiclana de la Frontera;CÁDIZ;11130;37;4460,72;GENERAL;03:00;23:59;36,35608;-6,158834;gerente@clinicanovo.es;956495000
236;CLÍNICA SERMAN - INSTITUTO MÉDICO;Pº DE LA ROSALEDA, 40;Jerez de la Frontera;CÁDIZ;11405;41;4942,96;GENERAL;03:00;23:59;36,692941014;-6,12407777499993;jefeadministracion@clinicaserman.com;956301211
237;HOSPITAL QUIRÓN CAMPO DE GIBRALTAR;"PARQUE EMPRESARIAL ""LAS MARISMAS DE PALMONES"", EDIFICIO ARTTYSUR";Barrios, Los;CÁDIZ;11379;64;7715,84;GENERAL;03:00;23:59;36,2070002790001;-5,45301999999998;;956798301
238;HOSPITAL DE LA LÍNEA DE LA CONCEPCIÓN;RONDA NORTE, ESQ. C/ GABRIEL MIRÓ;Línea de la Concepción, La;CÁDIZ;11300;243;29296,08;GENERAL;03:00;23:59;36,1745550000001;-5,35232249999996;jesus.ros.sspa@juntadeandalucia.es;956026500
239;HOSPITAL GENERAL UNIVERSITARIO DE CASTELLÓN;AVENIDA BENICASIM, S/N;Castellón de la Plana/Castelló de la Plana;CASTELLÓN;12004;580;69924,8;GENERAL;03:00;23:59;40,002715418;-0,0417011379999508;sugerencias_dscs@gva.es;964725000
240;HOSPITAL LA MAGDALENA;CAMINO COLLET, 32;Castellón de la Plana/Castelló de la Plana;CASTELLÓN;12004;128;15431,68;GERIATRÍA Y/O LARGA ESTANCIA;03:00;23:59;40,004385561;-0,0729276129999334;monferrer_mar@gva.es;964356800
241;CONSORCIO HOSPITALARIO PROVINCIAL DE CASTELLÓN;AVENIDA DOCTOR CLARÁ, 19;Castellón de la Plana/Castelló de la Plana;CASTELLÓN;12002;257;30983,92;GENERAL;03:00;23:59;39,984962189;-0,0447215089999418;sanchis_joagara@gva.es;964359700
242;HOSPITAL COMARCAL DE VINARÒS;AVENIDA GIL DE ATROCILLO, S/N;Vinaròs;CASTELLÓN;12500;150;18084,0;GENERAL;03:00;23:59;40,46387528;0,449975624000047;;964477000
243;HOSPITAL UNIVERSITARIO DE LA PLANA;CARRETERA VILA-REAL A BORRIANA, KM 0,5;Vila-real;CASTELLÓN;12540;258;31104,48;GENERAL;03:00;23:59;39,924448829;-0,0969531039999652;laplana@gva.es;964399775
244;INSTITUTO DE TRAUMATOLOGIA DE UNIÓN DE MUTUAS (MATEPSS Nº 267);AVENIDA VIRGEN DE LIDÓN, 67;Castellón de la Plana/Castelló de la Plana;CASTELLÓN;12004;28;3375,68;TRAUMATOLOGÍA Y/O REHABILITACIÓN;03:00;23:59;39,993031026;-0,0274974349999297;jgsanchez@uniondemutuas.es;964231212
245;HOSPITAL REY D. JAIME;CALLE MARÍA ROSA MOLAS, 25;Castellón de la Plana/Castelló de la Plana;CASTELLÓN;12004;96;11573,76;GENERAL;03:00;23:59;39,997316724;-0,0360727949999387;reydjaime@hospitales.nisa.es;964726000
246;SERVICIOS SANITARIOS DEL CENTRO PENITENCIARIO DE CASTELLÓN II (ALBOCÀSSER);CALLE ELS MASCARRELLS, S/N;Albocàsser;CASTELLÓN;12140;64;7715,84;OTRA FINALIDAD;03:00;23:59;40,382270657;0,0194300000000567;medico.castellon2@dgip.mir.es;964158500
247;SERVICIOS SANITARIOS Y ASISTENCIALES;RONDA DEL CARMEN, S/N;Ciudad Real;CIUDAD REAL;13002;85;10247,6;PSIQUIÁTRICO;03:00;23:59;38,992214684;-3,93188747099993;administracionssa@dipucr.es;926231276
248;HOSPITAL QUIRÓNSALUD CIUDAD REAL;ALISOS, 19;Ciudad Real;CIUDAD REAL;13002;47;5666,32;GENERAL;03:00;23:59;38,980076522;-3,93883350899995;ciudad.real@quironsalud.es;926255008
249;HOSPITAL GENERAL LA MANCHA CENTRO;AVENIDAD DE LA CONSTITUCIÓN, 3;Alcázar de San Juan;CIUDAD REAL;13600;353;42557,68;GENERAL;03:00;23:59;39,396270692;-3,21922991999998;gerencia.manchacentro@sescam.jccm.es;926580500
250;HOSPITAL VIRGEN DE ALTAGRACIA;AVENIDAD DON EMILIANO GARCÍA ROLDÁN, 2;Manzanares;CIUDAD REAL;13200;118;14226,08;GENERAL;03:00;23:59;38,999180639;-3,36185082099996;paguado@sescam.jccm.es;926646000
251;HOSPITAL SANTA BÁRBARA;C/ MALAGÓN, S/N;Puertollano;CIUDAD REAL;13500;141;16998,96;GENERAL;03:00;23:59;38,7061820330001;-4,11096335499997;buzong@sescam.org;926421100
252;HOSPITAL GENERAL DE VALDEPEÑAS;AVDA. ESTUDIANTES, S/N;Valdepeñas;CIUDAD REAL;13300;103;12417,68;GENERAL;03:00;23:59;38,7709655790001;-3,39231730499995;;926320200
253;HOSPITAL GENERAL DE CIUDAD REAL;C/ OBISPO RAFAEL TORIJA, S/N;Ciudad Real;CIUDAD REAL;13005;564;67995,84;GENERAL;03:00;23:59;38,9705089390001;-3,93166361099998;cmpavon@sescam.jccm.es;926278000
254;HOSPITAL GENERAL DE TOMELLOSO;VEREDA DE SOCUÉLLAMOS, S/N;Tomelloso;CIUDAD REAL;13700;155;18686,8;GENERAL;03:00;23:59;39,174215744;-3,00611070299993;;926525800
255;HOSPITAL UNIVERSITARIO REINA SOFÍA;AV. MENÉNDEZ PIDAL, S/N;Córdoba;CÓRDOBA;14004;1233;148650,48;GENERAL;03:00;23:59;37,8684390510001;-4,79716922299997;gerencia.hrs.sspa@juntadeandalucia.es;957010380
256;HOSPITAL DE LA CRUZ ROJA DE CÓRDOBA;Pº DE LA VICTORIA, S/N;Córdoba;CÓRDOBA;14004;138;16637,28;GENERAL;03:00;23:59;37,8811999820001;-4,78504916299994;;957420666
257;HOSPITAL SAN JUAN DE DIOS DE CÓRDOBA;AV. DEL BRILLANTE, 106;Córdoba;CÓRDOBA;14012;189;22785,84;GENERAL;03:00;23:59;37,908583407;-4,79331456299997;cordoba.hospital@sjd.es;957274600
258;HOSPITAL INFANTA MARGARITA;AV. DE GÓNGORA, S/N;Cabra;CÓRDOBA;14940;232;27969,92;GENERAL;03:00;23:59;37,4718048820001;-4,42786364499995;;957021300
259;HOSPITAL VALLE DE LOS PEDROCHES;C/ JUAN DEL REY CALERO, S/N;Pozoblanco;CÓRDOBA;14400;124;14949,44;GENERAL;03:00;23:59;38,3834919230001;-4,84912575699997;;957026306
260;HOSPITAL DE MONTILLA;CRTRA. MONTORO-PUENTE GENIL, KM 65,350;Montilla;CÓRDOBA;14550;92;11091,52;GENERAL;03:00;23:59;37,564407696;-4,64810455199995;;957022600
261;HOSPITAL LA ARRUZAFA-INSTITUTO DE OFTALMOLOGÍA;AV. DE LA ARRUZAFA, 9;Córdoba;CÓRDOBA;14012;4;482,24;OFTÁLMICO U ORL;03:00;23:59;37,904525613;-4,79311379199993;rab@hospitalarruzafa.com;957767610
262;HOSPITAL DE ALTA RESOLUCIÓN DE PUENTE GENIL;C/ BURGOS, S/N;Puente Genil;CÓRDOBA;14500;24;2893,44;GENERAL;03:00;23:59;37,399415565;-4,75120554199998;;957615000
263;HOSPITAL DE ALTA RESOLUCIÓN VALLE DEL GUADIATO;PARAJE CERRO DEL CAMELLO, S/N;Peñarroya-Pueblonuevo;CÓRDOBA;14200;17;2049,52;GENERAL;03:00;23:59;38,3085115810001;-5,27080502299998;;957579100
264;HOSPITAL QUIRONSALUD CÓRDOBA;AVDA. AEROPUERTO, 17;Córdoba;CÓRDOBA;14004;115;13864,4;GENERAL;03:00;23:59;37,8759682290001;-4,79583051599997;info.cor@quironsalud.es;957410000
265;COMPLEXO HOSPITALARIO UNIVERSITARIO A CORUÑA;JUBIAS DE ARRIBA, 84;Coruña, A;A CORUÑA;15006;1341;161670,96;GENERAL;03:00;23:59;43,344805879;-8,38626638599993;;981178000
266;CENTRO ONCOLOXICO DE GALICIA;DOCTOR CAMILO VEIRAS, 1;Coruña, A;A CORUÑA;15009;56;6751,36;ONCOLÓGICO;03:00;23:59;43,3360802970001;-8,38942638599997;CONTACTO@COG.ES;981287499
267;HOSPITAL QUIRONSALUD A CORUÑA;LONDRES, 2;Coruña, A;A CORUÑA;15009;127;15311,12;GENERAL;03:00;23:59;43,328289059;-8,39978613399995;INFO.ACORUNA@QUIRONSALUD.ES;981219800
268;HOSPITAL SAN RAFAEL;JUBIAS DE ARRIBA, 82;Coruña, A;A CORUÑA;15006;120;14467,2;GENERAL;03:00;23:59;43,3469809490001;-8,38741921399998;ADE@IMQSANRAFAEL.ES;981179000
269;COMPLEXO HOSPITALARIO UNIVERSITARIO DE FERROL;RESIDENCIA, S/N;Ferrol;A CORUÑA;15405;457;55095,92;GENERAL;03:00;23:59;43,5111455420001;-8,21662865299993;;981334000
270;HOSPITAL JUAN CARDONA;PARDO BAZAN, S/N;Ferrol;A CORUÑA;15406;150;18084,0;GENERAL;03:00;23:59;43,4809516;-8,20125780699993;INFO@HJCARDONA.ORG;981312500
271;COMPLEXO HOSPITALARIO UNIVERSITARIO DE SANTIAGO;CHOUPANA (DA), S/N;Santiago de Compostela;A CORUÑA;15706;1395;168181,2;GENERAL;03:00;23:59;42,8703905990001;-8,55957269899994;;981950000
272;SANATORIO LA ROBLEDA;SANTISO, S/N;Pino, O;A CORUÑA;15821;96;11573,76;PSIQUIÁTRICO;03:00;23:59;42,927515;-8,38251899999995;;981585811
273;HOSPITAL DA BARBANZA (*);SALMON, S/N;Ribeira;A CORUÑA;15993;81;9765,36;GENERAL;03:00;23:59;42,6103900000001;-8,99482144399997;;981835985
274;HOSPITAL VIRXE DA XUNQUEIRA (*);ALCALDE PEPE SANCHEZ, 7;Cee;A CORUÑA;15270;74;8921,44;GENERAL;03:00;23:59;42,953696618;-9,19138710299995;;981706010
275;HM MODELO (GRUPO);VIRREY OSORIO, 30;Coruña, A;A CORUÑA;15011;146;17601,76;GENERAL;03:00;23:59;43,3665273030001;-8,41850710299997;SPEDREDO@HMHOSPITALES.COM;981147300
276;HOSPITAL HM ROSALEDA - HM LA ESPERANZA;SANTIAGO LEON DE CARACAS (DE), 1;Santiago de Compostela;A CORUÑA;15701;119;14346,64;GENERAL;03:00;23:59;42,871892825;-8,54676501899996;SECRETARIA.DIRECCION.HMGR@HMHOSPITALES.COM;981551200
277;HOSPITAL VIRGEN DE LA LUZ;HERMANDAD DONANTES DE SANGRE, 1;Cuenca;CUENCA;16002;388;46777,28;GENERAL;03:00;23:59;40,076017757;-2,14793080999993;pguardial@sescam.jccm.es;969179900
278;HOSPITAL RECOLETAS CUENCA S.L.U.;AVDA. SAN JULIÁN, 1;Cuenca;CUENCA;16003;30;3616,8;MÉDICO-QUIRÚRGICO;03:00;23:59;40,067133132;-2,14592281199998;olga.barrios.aj@gruporecoletas.com;969240559
279;HOSPITAL UNIVERSITARI DE GIRONA DR. JOSEP TRUETA;AV FRANÇA, S/N;Girona;GIRONA;17007;431;51961,36;GENERAL;03:00;23:59;41,997759107;2,82016654900002;gerencia@htrueta.scs.es;972940200
280;CLÍNICA BOFILL;RD SANT ANTONI MARIA CLARET,, 20;Girona;GIRONA;17002;47;5666,32;GENERAL;03:00;23:59;41,97965334;2,82071516200006;administracio@clinicabofill.net;972204350
281;CLÍNICA GIRONA;CR JOAN  MARAGALL, 26;Girona;GIRONA;17002;123;14828,88;GENERAL;03:00;23:59;41,979030654;2,82073534700004;cespigol@arrakis.es;972204500
282;CLÍNICA QUIRÚRGICA ONYAR;CR HEROÏNES DE SANTA BÀRBARA, 6;Girona;GIRONA;17004;38;4581,28;GENERAL;03:00;23:59;41,9763342890001;2,82508053300006;documentalista@giroclinic.com;972204900
283;CLÍNICA SALUS INFIRMORUM;PS MOSSÈN LLUÍS CONSTANS, 130;Banyoles;GIRONA;17820;100;12056,0;GERIATRÍA Y/O LARGA ESTANCIA;03:00;23:59;42,1151229120001;2,76140395200002;si.direc@teleline.es;972570208
284;HOSPITAL DE SANT JAUME;CR JAUME ARCELOS, 1;Blanes;GIRONA;17300;23;2772,88;GERIATRÍA Y/O LARGA ESTANCIA;03:00;23:59;41,6761882600001;2,78752313900003;salut@salutms.cat;972331550
285;HOSPITAL DE CAMPDEVÀNOL;CT DE GOMBREN, 20;Campdevànol;GIRONA;17530;80;9644,8;GENERAL;03:00;23:59;42,222285979;2,16739513100003;gerencia@hoscamp.com;972730028
286;HOSPITAL DE FIGUERES;RD RECTOR AROLAS, S/N;Figueres;GIRONA;17600;168;20254,08;GENERAL;03:00;23:59;42,267953065;2,95465395100007;direccio@hospfig.es;972501400
287;CLÍNICA SANTA CREU;CR PERE III,, 41;Figueres;GIRONA;17600;35;4219,6;GENERAL;03:00;23:59;42,262094598;2,96169104600006;administracio@clinicasantacreu.com;972503650
288;HOSPITAL SOCIOSANITARI DE LLORET DE MAR;CR VALL DE VENECIA,, 59;Lloret de Mar;GIRONA;17310;63;7595,28;GERIATRÍA Y/O LARGA ESTANCIA;03:00;23:59;41,700903538;2,85325708700003;salut@salutms.org;972364736
289;HOSPITAL D'OLOT I COMARCAL DE LA GARROTXA;AV PAÏSOS  CATALANS, 86;Olot;GIRONA;17800;137;16516,72;GENERAL;03:00;23:59;42,1871168340001;2,46851789600004;direccio@hospiolot.com;972261800
290;HOSPITAL DE PALAMÓS;CR HOSPITAL., 36;Palamós;GIRONA;17230;136;16396,16;GENERAL;03:00;23:59;41,8528345350001;3,13101314500005;direccio@hosppal.es;972600160
291;HOSPITAL PSIQUIÀTRIC;CR DOCTOR CASTANY,, S/N;Salt;GIRONA;17190;593;71492,08;PSIQUIÁTRICO;03:00;23:59;41,9723323320001;2,79759363900007;atenciousuari@ias.scs.es;972182512
292;RESIDÈNCIA DE GENT GRAN PUIG D'EN ROCA;CR ANTONI VARES I MARTINELL, 37;Girona;GIRONA;17007;55;6630,8;GERIATRÍA Y/O LARGA ESTANCIA;03:00;23:59;41,9951615940001;2,81308161600003;rgg_puigroca.benestar@gencat.cat;972209250
293;HOSPITAL COMARCAL DE BLANES;CT ACCÉS CALA SANT FRANCESC, 5;Blanes;GIRONA;17300;121;14587,76;GENERAL;03:00;23:59;41,682801065;2,80150260300007;csselva@conecta.es;972353264
294;RESIDÈNCIA GERIÀTRICA MARIA GAY;CR PORTAL NOU, 12;Girona;GIRONA;17004;24;2893,44;GERIATRÍA Y/O LARGA ESTANCIA;03:00;23:59;41,9829499590001;2,82640743600007;info.mgay@irsjg.org;972205045
295;HOSPITAL SOCIOSANITARI MUTUAM GIRONA;AV FRANÇA, 64;Girona;GIRONA;17007;90;10850,4;GERIATRÍA Y/O LARGA ESTANCIA;03:00;23:59;41,993457446;2,81963362000005;mutuam@mutuam.com;972171819
296;CENTRE SOCIOSANITARI DE PUIGCERDÀ;CM ANTIC DE LLÍVIA, S/N;Puigcerdà;GIRONA;17520;52;6269,12;GERIATRÍA Y/O LARGA ESTANCIA;03:00;23:59;42,438642487;1,94133136500005;jcatala@hospitalpuigcerda.com;972880150
297;CENTRE SOCIOSANITARI BERNAT JAUME;RD RECTOR AROLAS, S/N;Figueres;GIRONA;17600;121;14587,76;GERIATRÍA Y/O LARGA ESTANCIA;03:00;23:59;42,267953065;2,95465395100007;hospital@hospitaldefigueres.com;972501400
298;INSTITUT CATALÀ D'ONCOLOGIA GIRONA - HOSPITAL JOSEP TRUETA;AV FRANÇA, S/N;Girona;GIRONA;17007;26;3134,56;ONCOLÓGICO;03:00;23:59;41,9938555530001;2,81947534400007;ccalle@iconcologia.net;972940200
299;HOSPITAL SANTA CATERINA-IAS;AV DOCTOR CASTANY (P. H. MARTÍ I JULIÀ), S/N;Salt;GIRONA;17190;178;21459,68;GENERAL;03:00;23:59;41,970361853;2,79644699700003;gerencia@ias.scs.es;972182600
300;CENTRE PALAMÓS GENT GRAN;CR PROVENÇA, 36;Palamós;GIRONA;17230;100;12056,0;GERIATRÍA Y/O LARGA ESTANCIA;03:00;23:59;41,8497108880001;3,12192255000002;ncomes@ssibe.cat;972600160
301;CENTRE SOCIOSANITARI PARC HOSPITALARI MARTÍ I JULIÀ;CR DR. CASTANY, S/N;Salt;GIRONA;17190;120;14467,2;GERIATRÍA Y/O LARGA ESTANCIA;03:00;23:59;41,9723323320001;2,79759363900007;atenciousuari@ias.scs.es;972182512
